grid_cell,total_crimes,avg_severity,avg_priority,center_lat,center_lon,weekend_crime_rate,night_crime_rate,crime_type_AS,crime_type_BR,crime_type_CY,crime_type_DR,crime_type_FR,crime_type_HM,crime_type_RB,crime_type_TH,crime_type_VN,crime_type_VT,cluster,dbscan_cluster
1297_8022,56,2.6607142857142856,2.392857142857143,12.9716,80.2215,0.3035714285714285,0.4107142857142857,4,5,2,4,7,6,7,4,8,9,0,0
1304_8023,59,2.864406779661017,2.5254237288135597,13.041800000000002,80.2337,0.2372881355932203,0.288135593220339,6,4,7,5,6,7,7,4,4,9,1,1
1304_8028,56,2.696428571428572,2.6607142857142856,13.0404,80.28239999999998,0.2678571428571428,0.3392857142857143,7,4,6,7,5,2,6,3,8,8,0,2
1308_8027,65,2.7846153846153845,2.753846153846154,13.0827,80.2707,0.4,0.4615384615384615,4,6,4,6,10,7,9,8,7,4,1,3
1311_8016,64,2.703125,2.390625,13.1134,80.1603,0.328125,0.28125,7,6,6,8,9,3,6,6,8,5,1,4
